<configuration>
    <appender name="CONSOLE" class="ch.qos.logback.core.ConsoleAppender">
        <encoder>
            <pattern>%d{HH:mm:ss.SSS} [%thread] %-5level %logger{36} - %msg%n</pattern>
        </encoder>
    </appender>

    <logger name="org.apache.spark" level="WARN"/>
    <logger name="org.spark-project" level="WARN"/>
    <logger name="org.apache.hadoop" level="WARN"/>
    <logger name="org.apache.kafka" level="WARN"/>

    <root level="INFO">
        <appender-ref ref="CONSOLE"/>
    </root>
</configuration>