{
    "name": "postgres-connector",
    "config": {
        "connector.class": "io.debezium.connector.postgresql.PostgresConnector",
        "tasks.max": "1",
        "database.hostname": "localhost",
        "database.port": "5432",
        "database.user": "cdcuser",
        "database.password": "cdc123",
        "database.dbname": "cdcdb",
        "topic.prefix": "postgres",
        "database.server.name": "postgres",
        "schema.include.list": "public",
        "table.include.list": "public.test_cdc",
        "plugin.name": "pgoutput",
        "slot.name": "debezium_slot",
        "publication.name": "dbz_publication",
        "slot.drop.on.stop": "true",
        "snapshot.mode": "initial",
        "transforms": "unwrap",
        "transforms.unwrap.type": "io.debezium.transforms.ExtractNewRecordState",
        "transforms.unwrap.add.headers": "op,source.ts_ms,db,table",
        "transforms.unwrap.add.fields": "op,table,db,ts_ms",
        "transforms.unwrap.delete.handling.mode": "rewrite"
    }
}
